title,price
"Maggi 2-Minute Noodles Masala, 70g (Pack of 12)",144.0
"Maggi 2-Minute Noodles Masala, 70g (Pack of 12)",129.6
"Maggi 2-Minute Noodles Masala, 70g (Pack of 12)",129.6
"Maggi 2-Minute Noodles Masala, 70g (Pack of 12)",129.6
"Maggi 2-Minute Noodles Masala, 70g (Pack of 12)",129.6
"Maggi 2-Minute Noodles Masala, 70g (Pack of 12)",144.0
"Maggi 2-Minute Noodles Masala, 70g (Pack of 12)",129.6
"Maggi 2-Minute Noodles Masala, 70g (Pack of 12)",129.0
"Maggi 2-Minute Noodles Masala, 70g (Pack of 12)",129.0
"Maggi 2-Minute Noodles Masala, 70g (Pack of 12)",129.0
"Maggi 2-Minute Noodles Masala, 70g (Pack of 12)",134.0
"Maggi 2-Minute Noodles Masala, 70g (Pack of 12)",130.0
"Maggi 2-Minute Noodles Masala, 70g (Pack of 12)",134.0
"Maggi 2-Minute Noodles Masala, 70g (Pack of 12)",134.0
"Maggi 2-Minute Noodles Masala, 70g (Pack of 12)",130.0
"Maggi 2-Minute Noodles Masala, 70g (Pack of 12)",162.0
"Maggi 2-Minute Noodles Masala, 70g (Pack of 12)",162.0
"Maggi 2-Minute Noodles Masala, 70g (Pack of 12)",162.0
"Maggi 2-Minute Noodles Masala, 70g (Pack of 12)",130.0
"Maggi 2-Minute Noodles Masala, 70g (Pack of 12)",136.0
"Maggi 2-Minute Noodles Masala, 70g (Pack of 12)",132.0
"Maggi 2-Minute Noodles Masala, 70g (Pack of 12)",132.0
"Maggi 2-Minute Noodles Masala, 70g (Pack of 12)",138.0
"Maggi 2-Minute Noodles Masala, 70g (Pack of 12)",138.0
"Maggi 2-Minute Noodles Masala, 70g (Pack of 12)",136.0
"Maggi 2-Minute Noodles Masala, 70g (Pack of 12)",138.0
"Maggi 2-Minute Noodles Masala, 70g (Pack of 12)",138.0
"Maggi 2-Minute Noodles Masala, 70g (Pack of 12)",138.0
"Maggi 2-Minute Noodles Masala, 70g (Pack of 12)",138.0
"Maggi 2-Minute Noodles Masala, 70g (Pack of 12)",138.0
"Maggi 2-Minute Noodles Masala, 70g (Pack of 12)",138.0
"Maggi 2-Minute Noodles Masala, 70g (Pack of 12)",138.0
"Maggi 2-Minute Noodles Masala, 70g (Pack of 12)",136.0
"Maggi 2-Minute Noodles Masala, 70g (Pack of 12)",144.0
"Maggi 2-Minute Noodles Masala, 70g (Pack of 12)",144.0
"Maggi 2-Minute Noodles Masala, 70g (Pack of 12)",144.0
"Maggi 2-Minute Noodles Masala, 70g (Pack of 12)",136.0
"Maggi 2-Minute Noodles Masala, 70g (Pack of 12)",140.0
"Maggi 2-Minute Noodles Masala, 70g (Pack of 12)",140.0
"Maggi 2-Minute Noodles Masala, 70g (Pack of 12)",144.0
"Maggi 2-Minute Noodles Masala, 70g (Pack of 12)",144.0
"Maggi 2-Minute Noodles Masala, 70g (Pack of 12)",144.0
"Maggi 2-Minute Noodles Masala, 70g (Pack of 12)",144.0
"Maggi 2-Minute Noodles Masala, 70g (Pack of 12)",160.0
"Maggi 2-Minute Noodles Masala, 70g (Pack of 12)",160.0
"Maggi 2-Minute Noodles Masala, 70g (Pack of 12)",160.0
"Maggi 2-Minute Noodles Masala, 70g (Pack of 12)",160.0
"Maggi 2-Minute Noodles Masala, 70g (Pack of 12)",160.0
"Maggi 2-Minute Noodles Masala, 70g (Pack of 12)",160.0
"Maggi 2-Minute Noodles Masala, 70g (Pack of 12)",160.0
"Maggi 2-Minute Noodles Masala, 70g (Pack of 12)",160.0
"Maggi 2-Minute Noodles Masala, 70g (Pack of 12)",158.0
"Maggi 2-Minute Noodles Masala, 70g (Pack of 12)",158.0
"Maggi 2-Minute Noodles Masala, 70g (Pack of 12)",158.0
"Maggi 2-Minute Noodles Masala, 70g (Pack of 12)",158.0
"Maggi 2-Minute Noodles Masala, 70g (Pack of 12)",160.0
"Maggi 2-Minute Noodles Masala, 70g (Pack of 12)",160.0
"Maggi 2-Minute Noodles Masala, 70g (Pack of 12)",160.0
"Maggi 2-Minute Noodles Masala, 70g (Pack of 12)",160.0
"Maggi 2-Minute Noodles Masala, 70g (Pack of 12)",160.0
"Maggi 2-Minute Noodles Masala, 70g (Pack of 12)",160.0
"Maggi 2-Minute Noodles Masala, 70g (Pack of 12)",160.0
"Maggi 2-Minute Noodles Masala, 70g (Pack of 12)",160.0
"Maggi 2-Minute Noodles Masala, 70g (Pack of 12)",158.0
"Maggi 2-Minute Noodles Masala, 70g (Pack of 12)",158.0
"Maggi 2-Minute Noodles Masala, 70g (Pack of 12)",158.0
"Maggi 2-Minute Noodles Masala, 70g (Pack of 12)",158.0
"Maggi 2-Minute Noodles Masala, 70g (Pack of 12)",158.0
"Maggi 2-Minute Noodles Masala, 70g (Pack of 12)",158.0
"Maggi 2-Minute Noodles Masala, 70g (Pack of 12)",158.0
"Maggi 2-Minute Noodles Masala, 70g (Pack of 12)",158.0
"Maggi 2-Minute Noodles Masala, 70g (Pack of 12)",158.0
"Maggi 2-Minute Noodles Masala, 70g (Pack of 12)",158.0
"Maggi 2-Minute Masala Instant Noodles, 70 grams (Pack of 12)",160.0
"Maggi 2-Minute Masala Instant Noodles, 70 grams (Pack of 12)",160.0
"Maggi 2-Minute Masala Instant Noodles, 70 grams (Pack of 12)",160.0
"Maggi 2-Minute Masala Instant Noodles, 70 grams (Pack of 12)",160.0
"Maggi 2-Minute Masala Instant Noodles, 70 grams (Pack of 12)",160.0
"Maggi 2-Minute Masala Instant Noodles, 70 grams (Pack of 12)",160.0
"Maggi 2-Minute Masala Instant Noodles, 70 grams (Pack of 12)",160.0
"Maggi 2-Minute Masala Instant Noodles, 70 grams (Pack of 12)",160.0
"Maggi 2-Minute Masala Instant Noodles, 70 grams (Pack of 12)",160.0
"Maggi 2-Minute Masala Instant Noodles, 70 grams (Pack of 12)",158.0
"Maggi 2-Minute Masala Instant Noodles, 70 grams (Pack of 12)",158.0
"Maggi 2-Minute Masala Instant Noodles, 70 grams (Pack of 12)",158.0
"Maggi 2-Minute Masala Instant Noodles, 70 grams (Pack of 12)",158.0
"Maggi 2-Minute Masala Instant Noodles, 70 grams (Pack of 12)",158.0
"Maggi 2-Minute Masala Instant Noodles, 70 grams (Pack of 12)",160.0
"Maggi 2-Minute Masala Instant Noodles, 70 grams (Pack of 12)",160.0
"Maggi 2-Minute Masala Instant Noodles, 70 grams (Pack of 12)",160.0
"Maggi 2-Minute Masala Instant Noodles, 70 grams (Pack of 12)",160.0
"Maggi 2-Minute Masala Instant Noodles, 70 grams (Pack of 12)",160.0
"Maggi 2-Minute Masala Instant Noodles, 70 grams (Pack of 12)",160.0
"Maggi 2-Minute Masala Instant Noodles, 70 grams (Pack of 12)",160.0
"Maggi 2-Minute Masala Instant Noodles, 70 grams (Pack of 12)",160.0
"Maggi 2-Minute Masala Instant Noodles, 70 grams (Pack of 12)",158.0
"Maggi 2-Minute Masala Instant Noodles, 70 grams (Pack of 12)",158.0
"Maggi 2-Minute Masala Instant Noodles, 70 grams (Pack of 12)",158.0
"Maggi 2-Minute Masala Instant Noodles, 70 grams (Pack of 12)",160.0
"Maggi 2-Minute Masala Instant Noodles, 70 grams (Pack of 12)",160.0
"Maggi 2-Minute Masala Instant Noodles, 70 grams (Pack of 12)",160.0
"Maggi 2-Minute Masala Instant Noodles, 70 grams (Pack of 12)",160.0
"Maggi 2-Minute Masala Instant Noodles, 70 grams (Pack of 12)",160.0
"Maggi 2-Minute Masala Instant Noodles, 70 grams (Pack of 12)",160.0
"MAGGI 2-minute Instant Noodles, 840g (12 pouches x 70g each), Masala Noodles with Goodness of Iron, Made with Choicest Quality Spices, Favourite Masala Taste",160.0
"MAGGI 2-minute Instant Noodles, 840g (12 pouches x 70g each), Masala Noodles with Goodness of Iron, Made with Choicest Quality Spices, Favourite Masala Taste",160.0
"MAGGI 2-minute Instant Noodles, 840g (12 pouches x 70g each), Masala Noodles with Goodness of Iron, Made with Choicest Quality Spices, Favourite Masala Taste",158.0
"MAGGI 2-minute Instant Noodles, 840g (12 pouches x 70g each), Masala Noodles with Goodness of Iron, Made with Choicest Quality Spices, Favourite Masala Taste",160.0
"MAGGI 2-minute Instant Noodles, 840g (12 pouches x 70g each), Masala Noodles with Goodness of Iron, Made with Choicest Quality Spices, Favourite Masala Taste",160.0
"MAGGI 2-minute Instant Noodles, 840g (12 pouches x 70g each), Masala Noodles with Goodness of Iron, Made with Choicest Quality Spices, Favourite Masala Taste",160.0
"MAGGI 2-minute Instant Noodles, 840g (12 pouches x 70g each), Masala Noodles with Goodness of Iron, Made with Choicest Quality Spices, Favourite Masala Taste",158.0
"MAGGI 2-minute Instant Noodles, 840g (12 pouches x 70g each), Masala Noodles with Goodness of Iron, Made with Choicest Quality Spices, Favourite Masala Taste",158.0
"MAGGI 2-minute Instant Noodles, 840g (12 pouches x 70g each), Masala Noodles with Goodness of Iron, Made with Choicest Quality Spices, Favourite Masala Taste",160.0
"MAGGI 2-Minute Instant Noodles, 840G (12 Pouches X 70G Each), Masala Noodles With Goodness Of Iron, Made With Choicest Quality Spices, Favourite Masala Taste, 840 Grams",157.0
"MAGGI 2-Minute Instant Noodles, 840G (12 Pouches X 70G Each), Masala Noodles With Goodness Of Iron, Made With Choicest Quality Spices, Favourite Masala Taste, 840 Grams",158.0
"MAGGI 2-Minute Instant Noodles, 840G (12 Pouches X 70G Each), Masala Noodles With Goodness Of Iron, Made With Choicest Quality Spices, Favourite Masala Taste, 840 Grams",160.0
"MAGGI 2-Minute Instant Noodles, 840G (12 Pouches X 70G Each), Masala Noodles With Goodness Of Iron, Made With Choicest Quality Spices, Favourite Masala Taste, 840 Grams",160.0
"MAGGI 2-Minute Instant Noodles, 840G (12 Pouches X 70G Each), Masala Noodles With Goodness Of Iron, Made With Choicest Quality Spices, Favourite Masala Taste, 840 Grams",168.0
"MAGGI 2-minute Instant Noodles, Masala Noodles with Goodness of Iron, Made with Choicest Quality Spices, Favourite Masala Taste, 70g ( Pack of 12 )",158.0
"MAGGI 2-minute Instant Noodles, Masala Noodles with Goodness of Iron, Made with Choicest Quality Spices, Favourite Masala Taste, 70g ( Pack of 12 )",160.0
"MAGGI 2-minute Instant Noodles, Masala Noodles with Goodness of Iron, Made with Choicest Quality Spices, Favourite Masala Taste, 70g ( Pack of 12 )",158.0
"MAGGI 2-minute Instant Noodles, Masala Noodles with Goodness of Iron, Made with Choicest Quality Spices, Favourite Masala Taste, 70g ( Pack of 12 )",158.0
"MAGGI 2-minute Instant Noodles, Masala Noodles with Goodness of Iron, Made with Choicest Quality Spices, Favourite Masala Taste, 70g ( Pack of 12 )",158.0
"MAGGI 2-minute Instant Noodles, Masala Noodles with Goodness of Iron, Made with Choicest Quality Spices, Favourite Masala Taste, 70g ( Pack of 12 )",160.0
"MAGGI 2-minute Instant Noodles, Masala Noodles with Goodness of Iron, Made with Choicest Quality Spices, Favourite Masala Taste, 70g ( Pack of 12 )",160.0
"MAGGI 2-minute Instant Noodles, Masala Noodles with Goodness of Iron, Made with Choicest Quality Spices, Favourite Masala Taste, 70g ( Pack of 12 )",160.0
"MAGGI 2-minute Instant Noodles, Masala Noodles with Goodness of Iron, Made with Choicest Quality Spices, Favourite Masala Taste, 70g ( Pack of 12 )",160.0
"MAGGI 2-minute Instant Noodles, Masala Noodles with Goodness of Iron, Made with Choicest Quality Spices, Favourite Masala Taste, 70g ( Pack of 12 )",160.0
"MAGGI 2-minute Instant Noodles, Masala Noodles with Goodness of Iron, Made with Choicest Quality Spices, Favourite Masala Taste, 70g ( Pack of 12 )",158.0
"MAGGI 2-minute Instant Noodles, Masala Noodles with Goodness of Iron, Made with Choicest Quality Spices, Favourite Masala Taste, 70g ( Pack of 12 )",158.0
"MAGGI 2-minute Instant Noodles, Masala Noodles with Goodness of Iron, Made with Choicest Quality Spices, Favourite Masala Taste, 70g ( Pack of 12 )",158.0
"MAGGI 2-minute Instant Noodles, Masala Noodles with Goodness of Iron, Made with Choicest Quality Spices, Favourite Masala Taste, 70g ( Pack of 12 )",160.0
"MAGGI 2-minute Instant Noodles, Masala Noodles with Goodness of Iron, Made with Choicest Quality Spices, Favourite Masala Taste, 70g ( Pack of 12 )",160.0
"MAGGI 2-minute Instant Noodles, Masala Noodles with Goodness of Iron, Made with Choicest Quality Spices, Favourite Masala Taste, 70 grams ( Pack of 12 )",160.0
"MAGGI 2-minute Instant Noodles, Masala Noodles with Goodness of Iron, Made with Choicest Quality Spices, Favourite Masala Taste, 70 grams ( Pack of 12 )",160.0
"MAGGI 2-minute Instant Noodles, Masala Noodles with Goodness of Iron, Made with Choicest Quality Spices, Favourite Masala Taste, 70 grams ( Pack of 12 )",160.0
"MAGGI 2-minute Instant Noodles, Masala Noodles with Goodness of Iron, Made with Choicest Quality Spices, Favourite Masala Taste, 70 grams ( Pack of 12 )",160.0
"MAGGI 2-minute Instant Noodles, Masala Noodles with Goodness of Iron, Made with Choicest Quality Spices, Favourite Masala Taste, 70g ( Pack of 12 )",160.0
"MAGGI 2-minute Instant Noodles, Masala Noodles with Goodness of Iron, Made with Choicest Quality Spices, Favourite Masala Taste, 70g ( Pack of 12 )",160.0
"MAGGI 2-minute Instant Noodles, Masala Noodles with Goodness of Iron, Made with Choicest Quality Spices, Favourite Masala Taste, 70g ( Pack of 12 )",160.0
"MAGGI 2-minute Instant Noodles, Masala Noodles with Goodness of Iron, Made with Choicest Quality Spices, Favourite Masala Taste, 70g ( Pack of 12 )",158.0
"MAGGI 2-Minute Instant Noodles, Masala Noodles With Goodness Of Iron, Made With Choicest Quality Spices, Favourite Masala Taste, 70 Grams ( Pack Of 12 )",158.0
"MAGGI 2-Minute Instant Noodles, Masala Noodles With Goodness Of Iron, Made With Choicest Quality Spices, Favourite Masala Taste, 70 Grams ( Pack Of 12 )",160.0
"MAGGI 2-Minute Instant Noodles, Masala Noodles With Goodness Of Iron, Made With Choicest Quality Spices, Favourite Masala Taste, 70 Grams ( Pack Of 12 )",160.0
"MAGGI 2-Minute Instant Noodles, Masala Noodles With Goodness Of Iron, Made With Choicest Quality Spices, Favourite Masala Taste, 70 Grams ( Pack Of 12 )",168.0
"MAGGI 2-Minute Instant Noodles, Masala Noodles With Goodness Of Iron, Made With Choicest Quality Spices, Favourite Masala Taste, 70 Grams ( Pack Of 12 )",160.0
"MAGGI 2-Minute Instant Noodles, Masala Noodles With Goodness Of Iron, Made With Choicest Quality Spices, Favourite Masala Taste, 70 Grams ( Pack Of 12 )",158.0
"MAGGI 2-Minute Instant Noodles, Masala Noodles With Goodness Of Iron, Made With Choicest Quality Spices, Favourite Masala Taste, 70 Grams ( Pack Of 12 )",158.0
"MAGGI 2-Minute Instant Noodles, Masala Noodles With Goodness Of Iron, Made With Choicest Quality Spices, Favourite Masala Taste, 70 Grams ( Pack Of 12 )",158.0
"MAGGI 2-Minute Instant Noodles, Masala Noodles With Goodness Of Iron, Made With Choicest Quality Spices, Favourite Masala Taste, 70 Grams ( Pack Of 12 )",158.0
"MAGGI 2-Minute Instant Noodles, Masala Noodles With Goodness Of Iron, Made With Choicest Quality Spices, Favourite Masala Taste, 70 Grams ( Pack Of 12 )",158.0
"MAGGI 2-Minute Instant Noodles, Masala Noodles With Goodness Of Iron, Made With Choicest Quality Spices, Favourite Masala Taste, 70g ( Pack Of 12 )",158.0
"MAGGI 2-Minute Instant Noodles, Masala Noodles With Goodness Of Iron, Made With Choicest Quality Spices, Favourite Masala Taste, 70G ( Pack Of 12 ), 840 Gram",144.0
"MAGGI 2-Minute Instant Noodles, Masala Noodles With Goodness Of Iron, Made With Choicest Quality Spices, Favourite Masala Taste, 70G ( Pack Of 12 ), 840 Gram",144.0
"MAGGI 2-Minute Instant Noodles, Masala Noodles With Goodness Of Iron, Made With Choicest Quality Spices, Favourite Masala Taste, 70G ( Pack Of 12 ), 840 Gram",144.0
"MAGGI 2-Minute Instant Noodles, Masala Noodles With Goodness Of Iron, Made With Choicest Quality Spices, Favourite Masala Taste, 70G ( Pack Of 12 ), 840 Gram",144.0
"MAGGI 2-Minute Instant Noodles, Masala Noodles With Goodness Of Iron, Made With Choicest Quality Spices, Favourite Masala Taste, 70G ( Pack Of 12 ), 840 Gram",183.0
"MAGGI 2-Minute Instant Noodles, Masala Noodles With Goodness Of Iron, Made With Choicest Quality Spices, Favourite Masala Taste, 70G ( Pack Of 12 ), 840 Gram",161.0
"MAGGI 2-Minute Instant Noodles, Masala Noodles With Goodness Of Iron, Made With Choicest Quality Spices, Favourite Masala Taste, 70G ( Pack Of 12 ), 840 Gram",161.0
"MAGGI 2-Minute Instant Noodles, Masala Noodles With Goodness Of Iron, Made With Choicest Quality Spices, Favourite Masala Taste, 70G ( Pack Of 12 ), 840 Gram",168.0
"MAGGI 2-Minute Instant Noodles, Masala Noodles With Goodness Of Iron, Made With Choicest Quality Spices, Favourite Masala Taste, 70G ( Pack Of 12 ), 840 Gram",149.0
"MAGGI 2-Minute Instant Noodles,Masala Noodles With Goodness Of Iron,Made With Choicest Quality Spices,Favourite Masala Taste,70G ( Pack Of 12 ),840 Gram,classic",153.0
"MAGGI 2-Minute Instant Noodles,Masala Noodles With Goodness Of Iron,Made With Choicest Quality Spices,Favourite Masala Taste,70G ( Pack Of 12 ),840 Gram,classic",159.0
"MAGGI 2-Minute Instant Noodles,Masala Noodles With Goodness Of Iron,Made With Choicest Quality Spices,Favourite Masala Taste,70G ( Pack Of 12 ),840 Gram,classic",157.0
"MAGGI 2-Minute Instant Noodles,Masala Noodles With Goodness Of Iron,Made With Choicest Quality Spices,Favourite Masala Taste,70G ( Pack Of 12 ),840 Gram,classic",153.0
"MAGGI 2-Minute Instant Noodles,Masala Noodles With Goodness Of Iron,Made With Choicest Quality Spices,Favourite Masala Taste,70G ( Pack Of 12 ),840 Gram,classic",155.0
"MAGGI 2-Minute Instant Noodles,Masala Noodles With Goodness Of Iron,Made With Choicest Quality Spices,Favourite Masala Taste, 840 g Pouch (Pack of 12, 70 g each)",158.0
"2-Minute Instant Noodles,Masala Noodles With Goodness Of Iron,Made With Choicest Quality Spices,Favourite Masala Taste, 840 g Pouch (Pack of 12, 70 g each)",155.0
"2-Minute Instant Noodles,Masala Noodles With Goodness Of Iron,Made With Choicest Quality Spices,Favourite Masala Taste, 840 g Pouch (Pack of 12, 70 g each)",158.0
